Row,Col,Pollution_Level,Pollution_Type_ID,Pollution_Type,Severity,pH,pH_Status,DO_mgL,DO_Status,Turbidity_NTU,Turbidity_Status,Temperature_C,Temp_Status
1,1,1,1,Agricultural_Runoff,Low_Caution,7.67,Normal,7.08,Good,20.8,Normal,13.7,Normal
1,2,1,1,Agricultural_Runoff,Low_Caution,7.91,Normal,7.04,Good,20.1,Normal,15.5,Normal
1,3,2,1,Agricultural_Runoff,Medium_Serious,8.15,Normal,5.47,Low,30.3,Elevated,15.0,Normal
1,4,2,1,Agricultural_Runoff,Medium_Serious,8.3,Normal,5.63,Low,31.3,Elevated,15.9,Normal
1,5,2,1,Agricultural_Runoff,Medium_Serious,8.3,Normal,5.58,Low,33.5,Elevated,15.5,Normal
1,6,2,1,Agricultural_Runoff,Medium_Serious,8.13,Normal,5.62,Low,31.0,Elevated,15.0,Normal
1,7,1,1,Agricultural_Runoff,Low_Caution,7.87,Normal,6.91,Good,17.7,Normal,15.2,Normal
1,8,1,1,Agricultural_Runoff,Low_Caution,7.91,Normal,6.9,Good,18.6,Normal,14.7,Normal
1,9,1,1,Agricultural_Runoff,Low_Caution,7.66,Normal,7.14,Good,20.3,Normal,13.9,Normal
1,10,2,1,Agricultural_Runoff,Medium_Serious,8.15,Normal,5.65,Low,29.1,Elevated,14.6,Normal
1,11,2,1,Agricultural_Runoff,Medium_Serious,8.33,Normal,5.33,Low,32.9,Elevated,15.0,Normal
1,12,2,1,Agricultural_Runoff,Medium_Serious,8.26,Normal,5.56,Low,29.2,Elevated,15.6,Normal
1,13,2,1,Agricultural_Runoff,Medium_Serious,8.12,Normal,5.58,Low,30.8,Elevated,15.2,Normal
1,14,1,1,Agricultural_Runoff,Low_Caution,7.81,Normal,6.97,Good,20.6,Normal,14.2,Normal
1,15,2,2,Industrial_Discharge,Medium_Serious,4.9,ACIDIC,3.46,HYPOXIC,61.8,Elevated,15.8,Normal
1,16,2,2,Industrial_Discharge,Medium_Serious,4.61,ACIDIC,3.46,HYPOXIC,57.6,Elevated,16.8,Normal
1,17,2,2,Industrial_Discharge,Medium_Serious,4.88,ACIDIC,3.44,HYPOXIC,57.1,Elevated,15.8,Normal
1,18,2,2,Industrial_Discharge,Medium_Serious,4.88,ACIDIC,3.63,HYPOXIC,63.8,Elevated,15.7,Normal
1,19,2,2,Industrial_Discharge,Medium_Serious,5.01,ACIDIC,3.15,HYPOXIC,59.4,Elevated,15.8,Normal
1,20,2,2,Industrial_Discharge,Medium_Serious,5.08,ACIDIC,3.91,HYPOXIC,59.7,Elevated,16.7,Normal
1,21,1,2,Industrial_Discharge,Low_Caution,5.96,ACIDIC,5.71,Low,31.4,Elevated,15.7,Normal
1,22,2,3,Plastic_Waste,Medium_Serious,7.21,Normal,7.48,Good,23.6,Normal,14.7,Normal
1,23,1,2,Industrial_Discharge,Low_Caution,5.86,ACIDIC,6.14,Good,32.0,Elevated,15.7,Normal
1,24,1,3,Plastic_Waste,Low_Caution,7.35,Normal,7.86,Good,12.3,Normal,13.2,Normal
1,25,1,3,Plastic_Waste,Low_Caution,7.29,Normal,8.04,Good,14.6,Normal,13.5,Normal
1,26,0,0,Clean,Clean,7.46,Normal,8.48,Good,5.0,Normal,14.8,Normal
1,27,1,7,Mining_Acid_Drainage,Low_Caution,4.87,ACIDIC,7.05,Good,22.7,Normal,14.4,Normal
1,28,1,7,Mining_Acid_Drainage,Low_Caution,4.96,ACIDIC,7.16,Good,21.8,Normal,12.6,Normal
1,29,2,7,Mining_Acid_Drainage,Medium_Serious,3.0,ACIDIC,5.53,Low,37.9,Elevated,12.2,Normal
1,30,2,7,Mining_Acid_Drainage,Medium_Serious,3.0,ACIDIC,5.5,Low,36.9,Elevated,12.2,Normal
1,31,3,7,Mining_Acid_Drainage,High_Critical,3.0,ACIDIC,3.9,HYPOXIC,52.0,Elevated,13.4,Normal
1,32,3,7,Mining_Acid_Drainage,High_Critical,3.0,ACIDIC,4.2,Low,53.8,Elevated,12.0,Normal
1,33,3,7,Mining_Acid_Drainage,High_Critical,3.0,ACIDIC,4.06,Low,53.5,Elevated,11.9,Normal
1,34,3,7,Mining_Acid_Drainage,High_Critical,3.0,ACIDIC,3.84,HYPOXIC,53.8,Elevated,12.2,Normal
1,35,3,7,Mining_Acid_Drainage,High_Critical,3.0,ACIDIC,4.08,Low,52.2,Elevated,13.4,Normal
1,36,2,7,Mining_Acid_Drainage,Medium_Serious,3.0,ACIDIC,5.43,Low,37.1,Elevated,13.9,Normal
2,1,1,1,Agricultural_Runoff,Low_Caution,7.95,Normal,7.06,Good,17.8,Normal,14.3,Normal
2,2,2,1,Agricultural_Runoff,Medium_Serious,8.16,Normal,5.6,Low,30.0,Elevated,15.5,Normal
2,3,2,1,Agricultural_Runoff,Medium_Serious,8.21,Normal,5.67,Low,29.3,Elevated,15.4,Normal
2,4,2,1,Agricultural_Runoff,Medium_Serious,8.34,Normal,5.54,Low,31.1,Elevated,14.3,Normal
2,5,2,1,Agricultural_Runoff,Medium_Serious,8.22,Normal,5.34,Low,31.8,Elevated,15.8,Normal
2,6,2,1,Agricultural_Runoff,Medium_Serious,8.09,Normal,5.63,Low,31.3,Elevated,15.4,Normal
2,7,1,1,Agricultural_Runoff,Low_Caution,7.73,Normal,7.13,Good,20.2,Normal,14.0,Normal
2,8,1,1,Agricultural_Runoff,Low_Caution,7.77,Normal,7.17,Good,21.1,Normal,15.3,Normal
2,9,1,1,Agricultural_Runoff,Low_Caution,7.73,Normal,7.12,Good,19.2,Normal,15.4,Normal
2,10,1,1,Agricultural_Runoff,Low_Caution,7.9,Normal,6.91,Good,21.4,Normal,14.7,Normal
2,11,1,1,Agricultural_Runoff,Low_Caution,7.8,Normal,6.86,Good,19.6,Normal,14.2,Normal
2,12,1,1,Agricultural_Runoff,Low_Caution,7.81,Normal,6.98,Good,20.0,Normal,13.9,Normal
2,13,2,2,Industrial_Discharge,Medium_Serious,4.8,ACIDIC,3.29,HYPOXIC,63.3,Elevated,15.5,Normal
2,14,2,2,Industrial_Discharge,Medium_Serious,4.82,ACIDIC,4.13,Low,60.3,Elevated,17.4,Normal
2,15,3,2,Industrial_Discharge,High_Critical,3.67,ACIDIC,1.59,HYPOXIC,87.5,Elevated,17.5,Normal
2,16,3,2,Industrial_Discharge,High_Critical,3.48,ACIDIC,1.62,HYPOXIC,86.2,Elevated,17.5,Normal
2,17,3,2,Industrial_Discharge,High_Critical,3.73,ACIDIC,1.72,HYPOXIC,87.5,Elevated,18.3,Normal
2,18,3,2,Industrial_Discharge,High_Critical,3.69,ACIDIC,1.13,HYPOXIC,89.0,Elevated,16.7,Normal
2,19,3,2,Industrial_Discharge,High_Critical,3.61,ACIDIC,1.43,HYPOXIC,86.1,Elevated,17.9,Normal
2,20,2,2,Industrial_Discharge,Medium_Serious,5.01,ACIDIC,3.77,HYPOXIC,60.5,Elevated,16.0,Normal
2,21,2,3,Plastic_Waste,Medium_Serious,7.22,Normal,7.62,Good,22.9,Normal,13.2,Normal
2,22,2,3,Plastic_Waste,Medium_Serious,7.24,Normal,7.4,Good,22.8,Normal,13.3,Normal
2,23,2,3,Plastic_Waste,Medium_Serious,7.13,Normal,7.4,Good,22.7,Normal,14.6,Normal
2,24,1,2,Industrial_Discharge,Low_Caution,6.08,ACIDIC,5.52,Low,33.9,Elevated,14.9,Normal
2,25,1,3,Plastic_Waste,Low_Caution,7.23,Normal,8.14,Good,13.7,Normal,13.8,Normal
2,26,1,3,Plastic_Waste,Low_Caution,7.22,Normal,8.03,Good,13.7,Normal,15.0,Normal
2,27,1,5,Oil_Spill,Low_Caution,7.34,Normal,6.76,Good,11.1,Normal,14.4,Normal
2,28,1,7,Mining_Acid_Drainage,Low_Caution,4.62,ACIDIC,6.82,Good,21.3,Normal,13.5,Normal
2,29,1,7,Mining_Acid_Drainage,Low_Caution,4.78,ACIDIC,7.04,Good,22.9,Normal,13.8,Normal
2,30,2,7,Mining_Acid_Drainage,Medium_Serious,3.0,ACIDIC,5.56,Low,38.5,Elevated,13.3,Normal
2,31,2,7,Mining_Acid_Drainage,Medium_Serious,3.0,ACIDIC,5.48,Low,36.3,Elevated,13.5,Normal
2,32,2,7,Mining_Acid_Drainage,Medium_Serious,3.0,ACIDIC,5.37,Low,36.9,Elevated,13.1,Normal
2,33,3,7,Mining_Acid_Drainage,High_Critical,3.0,ACIDIC,4.13,Low,53.4,Elevated,13.1,Normal
2,34,2,7,Mining_Acid_Drainage,Medium_Serious,3.0,ACIDIC,5.44,Low,39.0,Elevated,13.9,Normal
2,35,2,7,Mining_Acid_Drainage,Medium_Serious,3.0,ACIDIC,5.59,Low,37.3,Elevated,13.9,Normal
2,36,2,7,Mining_Acid_Drainage,Medium_Serious,3.0,ACIDIC,5.31,Low,38.2,Elevated,12.9,Normal
3,1,1,1,Agricultural_Runoff,Low_Caution,7.83,Normal,7.13,Good,18.6,Normal,13.7,Normal
3,2,2,1,Agricultural_Runoff,Medium_Serious,8.06,Normal,5.65,Low,29.9,Elevated,15.8,Normal
3,3,2,1,Agricultural_Runoff,Medium_Serious,8.07,Normal,5.63,Low,31.4,Elevated,14.6,Normal
3,4,2,1,Agricultural_Runoff,Medium_Serious,8.09,Normal,5.68,Low,28.9,Elevated,15.0,Normal
3,5,2,1,Agricultural_Runoff,Medium_Serious,8.32,Normal,5.35,Low,32.4,Elevated,15.3,Normal
3,6,2,1,Agricultural_Runoff,Medium_Serious,8.33,Normal,5.47,Low,31.2,Elevated,14.3,Normal
3,7,1,1,Agricultural_Runoff,Low_Caution,7.68,Normal,7.0,Good,16.8,Normal,15.4,Normal
3,8,1,1,Agricultural_Runoff,Low_Caution,7.76,Normal,6.98,Good,17.9,Normal,15.2,Normal
3,9,1,1,Agricultural_Runoff,Low_Caution,7.86,Normal,7.02,Good,19.5,Normal,14.2,Normal
3,10,1,1,Agricultural_Runoff,Low_Caution,7.71,Normal,6.85,Good,20.6,Normal,14.4,Normal
3,11,1,2,Industrial_Discharge,Low_Caution,6.17,ACIDIC,6.21,Good,34.7,Elevated,15.8,Normal
3,12,1,1,Agricultural_Runoff,Low_Caution,7.67,Normal,7.11,Good,20.7,Normal,13.9,Normal
3,13,2,2,Industrial_Discharge,Medium_Serious,4.69,ACIDIC,3.81,HYPOXIC,56.7,Elevated,15.4,Normal
3,14,3,2,Industrial_Discharge,High_Critical,3.72,ACIDIC,0.98,HYPOXIC,82.4,Elevated,16.7,Normal
3,15,3,2,Industrial_Discharge,High_Critical,3.59,ACIDIC,1.02,HYPOXIC,83.8,Elevated,18.1,Normal
3,16,3,2,Industrial_Discharge,High_Critical,3.6,ACIDIC,1.86,HYPOXIC,87.0,Elevated,17.6,Normal
3,17,3,2,Industrial_Discharge,High_Critical,3.89,ACIDIC,1.43,HYPOXIC,83.7,Elevated,18.5,Normal
3,18,3,2,Industrial_Discharge,High_Critical,3.83,ACIDIC,1.29,HYPOXIC,81.0,Elevated,16.7,Normal
3,19,3,2,Industrial_Discharge,High_Critical,3.43,ACIDIC,1.42,HYPOXIC,84.4,Elevated,17.3,Normal
3,20,2,2,Industrial_Discharge,Medium_Serious,4.84,ACIDIC,3.17,HYPOXIC,62.3,Elevated,17.1,Normal
3,21,2,2,Industrial_Discharge,Medium_Serious,4.78,ACIDIC,3.66,HYPOXIC,55.3,Elevated,16.1,Normal
3,22,2,3,Plastic_Waste,Medium_Serious,7.18,Normal,7.57,Good,23.3,Normal,13.3,Normal
3,23,1,2,Industrial_Discharge,Low_Caution,5.85,ACIDIC,5.62,Low,34.7,Elevated,14.4,Normal
3,24,1,2,Industrial_Discharge,Low_Caution,6.12,ACIDIC,5.66,Low,37.0,Elevated,14.4,Normal
3,25,1,3,Plastic_Waste,Low_Caution,7.41,Normal,8.09,Good,14.5,Normal,14.2,Normal
3,26,1,5,Oil_Spill,Low_Caution,7.22,Normal,6.59,Good,11.1,Normal,13.7,Normal
3,27,1,5,Oil_Spill,Low_Caution,7.3,Normal,6.65,Good,12.0,Normal,14.4,Normal
3,28,1,5,Oil_Spill,Low_Caution,7.3,Normal,6.89,Good,11.9,Normal,14.5,Normal
3,29,1,5,Oil_Spill,Low_Caution,7.06,Normal,6.87,Good,11.4,Normal,13.8,Normal
3,30,1,5,Oil_Spill,Low_Caution,7.26,Normal,6.62,Good,11.4,Normal,13.3,Normal
3,31,2,7,Mining_Acid_Drainage,Medium_Serious,3.0,ACIDIC,5.46,Low,37.9,Elevated,13.3,Normal
3,32,2,7,Mining_Acid_Drainage,Medium_Serious,3.0,ACIDIC,5.47,Low,38.4,Elevated,12.7,Normal
3,33,2,7,Mining_Acid_Drainage,Medium_Serious,3.0,ACIDIC,5.33,Low,37.4,Elevated,12.3,Normal
3,34,2,7,Mining_Acid_Drainage,Medium_Serious,3.0,ACIDIC,5.56,Low,38.5,Elevated,12.9,Normal
3,35,1,7,Mining_Acid_Drainage,Low_Caution,4.64,ACIDIC,6.97,Good,22.8,Normal,13.9,Normal
3,36,1,7,Mining_Acid_Drainage,Low_Caution,4.71,ACIDIC,6.96,Good,21.0,Normal,12.5,Normal
4,1,1,1,Agricultural_Runoff,Low_Caution,7.69,Normal,6.9,Good,20.2,Normal,13.5,Normal
4,2,1,1,Agricultural_Runoff,Low_Caution,7.7,Normal,6.95,Good,21.2,Normal,14.5,Normal
4,3,1,1,Agricultural_Runoff,Low_Caution,7.89,Normal,6.83,Good,17.4,Normal,13.6,Normal
4,4,1,1,Agricultural_Runoff,Low_Caution,7.93,Normal,7.14,Good,20.4,Normal,14.6,Normal
4,5,1,1,Agricultural_Runoff,Low_Caution,7.78,Normal,6.85,Good,20.0,Normal,14.1,Normal
4,6,1,1,Agricultural_Runoff,Low_Caution,7.84,Normal,7.13,Good,21.6,Normal,13.7,Normal
4,7,1,1,Agricultural_Runoff,Low_Caution,7.72,Normal,7.04,Good,18.3,Normal,14.3,Normal
4,8,1,1,Agricultural_Runoff,Low_Caution,7.75,Normal,6.93,Good,16.8,Normal,14.5,Normal
4,9,1,1,Agricultural_Runoff,Low_Caution,7.8,Normal,7.16,Good,20.6,Normal,15.0,Normal
4,10,1,2,Industrial_Discharge,Low_Caution,6.11,ACIDIC,5.43,Low,35.8,Elevated,14.6,Normal
4,11,1,2,Industrial_Discharge,Low_Caution,5.88,ACIDIC,5.96,Low,39.0,Elevated,15.7,Normal
4,12,1,2,Industrial_Discharge,Low_Caution,6.03,ACIDIC,6.2,Good,30.6,Elevated,15.9,Normal
4,13,2,2,Industrial_Discharge,Medium_Serious,4.83,ACIDIC,3.71,HYPOXIC,58.9,Elevated,15.5,Normal
4,14,2,2,Industrial_Discharge,Medium_Serious,4.61,ACIDIC,3.62,HYPOXIC,59.2,Elevated,17.1,Normal
4,15,2,2,Industrial_Discharge,Medium_Serious,4.85,ACIDIC,3.31,HYPOXIC,61.7,Elevated,17.2,Normal
4,16,3,2,Industrial_Discharge,High_Critical,3.72,ACIDIC,0.99,HYPOXIC,82.7,Elevated,16.7,Normal
4,17,3,2,Industrial_Discharge,High_Critical,3.73,ACIDIC,1.46,HYPOXIC,84.5,Elevated,17.1,Normal
4,18,3,2,Industrial_Discharge,High_Critical,3.6,ACIDIC,1.25,HYPOXIC,87.3,Elevated,17.4,Normal
4,19,2,2,Industrial_Discharge,Medium_Serious,4.96,ACIDIC,3.2,HYPOXIC,60.7,Elevated,16.8,Normal
4,20,2,2,Industrial_Discharge,Medium_Serious,5.08,ACIDIC,3.9,HYPOXIC,64.2,Elevated,16.6,Normal
4,21,2,2,Industrial_Discharge,Medium_Serious,4.97,ACIDIC,3.68,HYPOXIC,62.8,Elevated,17.3,Normal
4,22,1,2,Industrial_Discharge,Low_Caution,6.09,ACIDIC,5.84,Low,36.7,Elevated,15.7,Normal
4,23,1,2,Industrial_Discharge,Low_Caution,6.11,ACIDIC,5.3,Low,34.4,Elevated,14.6,Normal
4,24,1,2,Industrial_Discharge,Low_Caution,6.09,ACIDIC,5.38,Low,37.5,Elevated,15.9,Normal
4,25,1,5,Oil_Spill,Low_Caution,7.32,Normal,6.52,Good,10.6,Normal,14.8,Normal
4,26,1,5,Oil_Spill,Low_Caution,7.16,Normal,6.56,Good,12.1,Normal,14.8,Normal
4,27,2,5,Oil_Spill,Medium_Serious,6.9,Normal,4.88,Low,16.9,Normal,15.0,Normal
4,28,2,5,Oil_Spill,Medium_Serious,6.98,Normal,4.81,Low,17.7,Normal,14.5,Normal
4,29,2,5,Oil_Spill,Medium_Serious,6.94,Normal,5.02,Low,17.1,Normal,15.3,Normal
4,30,1,5,Oil_Spill,Low_Caution,7.33,Normal,6.89,Good,11.1,Normal,13.9,Normal
4,31,1,5,Oil_Spill,Low_Caution,7.21,Normal,6.89,Good,11.4,Normal,14.9,Normal
4,32,1,5,Oil_Spill,Low_Caution,7.13,Normal,6.76,Good,11.4,Normal,14.4,Normal
4,33,1,6,Thermal_Pollution,Low_Caution,7.4,Normal,6.37,Good,7.4,Normal,20.9,Normal
4,34,1,7,Mining_Acid_Drainage,Low_Caution,4.67,ACIDIC,6.97,Good,22.2,Normal,12.9,Normal
4,35,1,7,Mining_Acid_Drainage,Low_Caution,4.36,ACIDIC,6.82,Good,21.6,Normal,13.0,Normal
4,36,0,0,Clean,Clean,7.26,Normal,8.67,Good,5.3,Normal,14.3,Normal
5,1,0,0,Clean,Clean,7.49,Normal,8.36,Good,4.4,Normal,14.7,Normal
5,2,1,1,Agricultural_Runoff,Low_Caution,7.86,Normal,6.86,Good,17.1,Normal,14.4,Normal
5,3,1,1,Agricultural_Runoff,Low_Caution,7.67,Normal,6.9,Good,20.9,Normal,14.6,Normal
5,4,1,1,Agricultural_Runoff,Low_Caution,7.81,Normal,6.84,Good,16.7,Normal,14.1,Normal
5,5,1,1,Agricultural_Runoff,Low_Caution,7.78,Normal,7.12,Good,21.2,Normal,13.7,Normal
5,6,1,1,Agricultural_Runoff,Low_Caution,7.83,Normal,6.81,Good,17.5,Normal,14.0,Normal
5,7,1,1,Agricultural_Runoff,Low_Caution,7.78,Normal,7.05,Good,19.7,Normal,14.3,Normal
5,8,1,1,Agricultural_Runoff,Low_Caution,7.68,Normal,7.19,Good,18.6,Normal,14.6,Normal
5,9,1,1,Agricultural_Runoff,Low_Caution,7.95,Normal,7.02,Good,19.8,Normal,14.4,Normal
5,10,1,1,Agricultural_Runoff,Low_Caution,7.94,Normal,6.9,Good,17.7,Normal,15.1,Normal
5,11,1,2,Industrial_Discharge,Low_Caution,6.17,ACIDIC,6.31,Good,35.6,Elevated,15.7,Normal
5,12,1,2,Industrial_Discharge,Low_Caution,6.09,ACIDIC,5.54,Low,38.3,Elevated,15.1,Normal
5,13,1,2,Industrial_Discharge,Low_Caution,6.06,ACIDIC,6.21,Good,30.1,Elevated,14.8,Normal
5,14,1,2,Industrial_Discharge,Low_Caution,6.25,ACIDIC,5.55,Low,32.4,Elevated,15.3,Normal
5,15,2,2,Industrial_Discharge,Medium_Serious,4.92,ACIDIC,3.84,HYPOXIC,64.2,Elevated,16.1,Normal
5,16,2,2,Industrial_Discharge,Medium_Serious,4.92,ACIDIC,3.76,HYPOXIC,63.8,Elevated,17.3,Normal
5,17,2,2,Industrial_Discharge,Medium_Serious,4.83,ACIDIC,3.4,HYPOXIC,60.5,Elevated,15.6,Normal
5,18,2,2,Industrial_Discharge,Medium_Serious,4.77,ACIDIC,3.51,HYPOXIC,61.9,Elevated,16.0,Normal
5,19,2,2,Industrial_Discharge,Medium_Serious,4.66,ACIDIC,3.64,HYPOXIC,65.1,Elevated,16.1,Normal
5,20,2,2,Industrial_Discharge,Medium_Serious,4.89,ACIDIC,3.25,HYPOXIC,64.5,Elevated,16.1,Normal
5,21,1,2,Industrial_Discharge,Low_Caution,6.07,ACIDIC,5.56,Low,33.8,Elevated,14.3,Normal
5,22,1,2,Industrial_Discharge,Low_Caution,5.88,ACIDIC,5.95,Low,37.5,Elevated,15.6,Normal
5,23,1,2,Industrial_Discharge,Low_Caution,6.15,ACIDIC,6.2,Good,37.0,Elevated,15.5,Normal
5,24,0,0,Clean,Clean,7.4,Normal,8.45,Good,4.8,Normal,13.5,Normal
5,25,1,5,Oil_Spill,Low_Caution,7.13,Normal,6.68,Good,12.4,Normal,13.9,Normal
5,26,1,5,Oil_Spill,Low_Caution,7.2,Normal,6.55,Good,12.2,Normal,14.2,Normal
5,27,1,5,Oil_Spill,Low_Caution,7.18,Normal,6.54,Good,11.3,Normal,15.0,Normal
5,28,2,6,Thermal_Pollution,Medium_Serious,7.15,Normal,3.47,HYPOXIC,10.8,Normal,26.5,TooWarm
5,29,2,6,Thermal_Pollution,Medium_Serious,7.33,Normal,4.43,Low,11.2,Normal,25.2,TooWarm
5,30,2,6,Thermal_Pollution,Medium_Serious,7.09,Normal,4.25,Low,10.0,Normal,25.9,TooWarm
5,31,2,6,Thermal_Pollution,Medium_Serious,7.22,Normal,3.55,HYPOXIC,10.1,Normal,25.3,TooWarm
5,32,1,6,Thermal_Pollution,Low_Caution,7.31,Normal,5.64,Low,8.2,Normal,19.3,Normal
5,33,1,6,Thermal_Pollution,Low_Caution,7.28,Normal,5.79,Low,7.5,Normal,20.9,Normal
5,34,1,6,Thermal_Pollution,Low_Caution,7.2,Normal,6.63,Good,7.6,Normal,20.4,Normal
5,35,1,6,Thermal_Pollution,Low_Caution,7.2,Normal,6.02,Good,7.5,Normal,20.9,Normal
5,36,0,0,Clean,Clean,7.52,Normal,8.64,Good,4.4,Normal,14.3,Normal
6,1,0,0,Clean,Clean,7.42,Normal,8.35,Good,4.5,Normal,14.1,Normal
6,2,0,0,Clean,Clean,7.4,Normal,8.37,Good,5.4,Normal,13.3,Normal
6,3,0,0,Clean,Clean,7.45,Normal,8.59,Good,4.9,Normal,14.7,Normal
6,4,0,0,Clean,Clean,7.42,Normal,8.63,Good,4.0,Normal,13.1,Normal
6,5,1,1,Agricultural_Runoff,Low_Caution,7.84,Normal,7.03,Good,19.1,Normal,15.0,Normal
6,6,1,1,Agricultural_Runoff,Low_Caution,7.84,Normal,7.0,Good,21.7,Normal,14.1,Normal
6,7,1,1,Agricultural_Runoff,Low_Caution,7.79,Normal,7.12,Good,17.4,Normal,14.1,Normal
6,8,1,1,Agricultural_Runoff,Low_Caution,7.67,Normal,6.98,Good,19.8,Normal,13.9,Normal
6,9,1,1,Agricultural_Runoff,Low_Caution,7.74,Normal,7.09,Good,22.0,Normal,15.2,Normal
6,10,1,1,Agricultural_Runoff,Low_Caution,7.69,Normal,6.95,Good,19.2,Normal,14.1,Normal
6,11,0,0,Clean,Clean,7.33,Normal,8.4,Good,4.1,Normal,13.6,Normal
6,12,0,0,Clean,Clean,7.37,Normal,8.55,Good,4.4,Normal,14.7,Normal
6,13,1,2,Industrial_Discharge,Low_Caution,5.87,ACIDIC,5.73,Low,35.0,Elevated,14.8,Normal
6,14,1,2,Industrial_Discharge,Low_Caution,6.05,ACIDIC,5.26,Low,31.2,Elevated,16.1,Normal
6,15,1,2,Industrial_Discharge,Low_Caution,5.96,ACIDIC,5.65,Low,35.1,Elevated,16.0,Normal
6,16,1,2,Industrial_Discharge,Low_Caution,6.07,ACIDIC,5.91,Low,34.3,Elevated,15.7,Normal
6,17,1,2,Industrial_Discharge,Low_Caution,6.07,ACIDIC,5.41,Low,32.6,Elevated,14.3,Normal
6,18,2,5,Oil_Spill,Medium_Serious,7.15,Normal,4.97,Low,16.6,Normal,15.6,Normal
6,19,2,5,Oil_Spill,Medium_Serious,7.09,Normal,4.84,Low,17.6,Normal,15.1,Normal
6,20,3,5,Oil_Spill,High_Critical,6.8,Normal,3.1,HYPOXIC,22.4,Normal,14.2,Normal
6,21,2,5,Oil_Spill,Medium_Serious,6.99,Normal,4.88,Low,17.2,Normal,14.6,Normal
6,22,2,5,Oil_Spill,Medium_Serious,7.03,Normal,4.77,Low,17.8,Normal,15.1,Normal
6,23,1,5,Oil_Spill,Low_Caution,7.15,Normal,6.83,Good,11.1,Normal,14.7,Normal
6,24,1,5,Oil_Spill,Low_Caution,7.29,Normal,6.65,Good,11.6,Normal,15.3,Normal
6,25,1,6,Thermal_Pollution,Low_Caution,7.39,Normal,6.12,Good,8.0,Normal,19.5,Normal
6,26,1,6,Thermal_Pollution,Low_Caution,7.38,Normal,6.03,Good,7.9,Normal,20.1,Normal
6,27,1,6,Thermal_Pollution,Low_Caution,7.34,Normal,5.87,Low,8.3,Normal,18.8,Normal
6,28,2,6,Thermal_Pollution,Medium_Serious,7.33,Normal,4.19,Low,10.0,Normal,25.3,TooWarm
6,29,2,6,Thermal_Pollution,Medium_Serious,7.17,Normal,3.87,HYPOXIC,11.4,Normal,25.8,TooWarm
6,30,2,6,Thermal_Pollution,Medium_Serious,7.09,Normal,3.86,HYPOXIC,10.5,Normal,25.6,TooWarm
6,31,2,6,Thermal_Pollution,Medium_Serious,7.1,Normal,3.89,HYPOXIC,10.5,Normal,25.4,TooWarm
6,32,2,6,Thermal_Pollution,Medium_Serious,7.24,Normal,4.33,Low,10.9,Normal,24.9,Normal
6,33,2,6,Thermal_Pollution,Medium_Serious,7.12,Normal,4.48,Low,10.4,Normal,25.3,TooWarm
6,34,1,6,Thermal_Pollution,Low_Caution,7.25,Normal,6.17,Good,8.4,Normal,20.2,Normal
6,35,1,6,Thermal_Pollution,Low_Caution,7.35,Normal,5.5,Low,8.5,Normal,20.9,Normal
6,36,0,0,Clean,Clean,7.34,Normal,8.42,Good,5.1,Normal,13.7,Normal
7,1,0,0,Clean,Clean,7.38,Normal,8.4,Good,4.7,Normal,13.4,Normal
7,2,0,0,Clean,Clean,7.41,Normal,8.67,Good,5.0,Normal,13.3,Normal
7,3,0,0,Clean,Clean,7.43,Normal,8.53,Good,4.4,Normal,14.3,Normal
7,4,1,4,Sewage_Pathogens,Low_Caution,6.61,Normal,5.4,Low,22.9,Normal,15.6,Normal
7,5,1,1,Agricultural_Runoff,Low_Caution,7.88,Normal,6.8,Good,18.9,Normal,15.4,Normal
7,6,1,4,Sewage_Pathogens,Low_Caution,6.73,Normal,5.37,Low,25.3,Elevated,15.2,Normal
7,7,1,4,Sewage_Pathogens,Low_Caution,6.64,Normal,5.6,Low,27.9,Elevated,15.9,Normal
7,8,2,4,Sewage_Pathogens,Medium_Serious,5.93,ACIDIC,2.98,HYPOXIC,47.6,Elevated,18.4,Normal
7,9,1,4,Sewage_Pathogens,Low_Caution,6.75,Normal,5.18,Low,30.2,Elevated,16.7,Normal
7,10,1,4,Sewage_Pathogens,Low_Caution,6.71,Normal,5.01,Low,25.1,Elevated,15.0,Normal
7,11,1,4,Sewage_Pathogens,Low_Caution,6.75,Normal,5.29,Low,26.5,Elevated,16.7,Normal
7,12,1,4,Sewage_Pathogens,Low_Caution,6.51,Normal,5.42,Low,23.7,Normal,15.7,Normal
7,13,0,0,Clean,Clean,7.47,Normal,8.62,Good,4.9,Normal,14.5,Normal
7,14,0,0,Clean,Clean,7.3,Normal,8.64,Good,5.3,Normal,14.7,Normal
7,15,0,0,Clean,Clean,7.4,Normal,8.33,Good,5.0,Normal,13.4,Normal
7,16,1,5,Oil_Spill,Low_Caution,7.09,Normal,6.63,Good,10.6,Normal,13.8,Normal
7,17,2,5,Oil_Spill,Medium_Serious,7.08,Normal,5.08,Low,16.5,Normal,15.0,Normal
7,18,2,5,Oil_Spill,Medium_Serious,7.05,Normal,4.98,Low,16.4,Normal,13.8,Normal
7,19,3,5,Oil_Spill,High_Critical,6.77,Normal,3.1,HYPOXIC,23.7,Normal,15.3,Normal
7,20,3,5,Oil_Spill,High_Critical,6.69,Normal,3.27,HYPOXIC,22.7,Normal,15.1,Normal
7,21,3,5,Oil_Spill,High_Critical,6.69,Normal,2.96,HYPOXIC,23.5,Normal,15.1,Normal
7,22,2,5,Oil_Spill,Medium_Serious,7.01,Normal,4.89,Low,17.0,Normal,14.9,Normal
7,23,2,5,Oil_Spill,Medium_Serious,6.92,Normal,5.0,Low,17.8,Normal,13.8,Normal
7,24,1,5,Oil_Spill,Low_Caution,7.26,Normal,6.53,Good,11.4,Normal,13.4,Normal
7,25,1,6,Thermal_Pollution,Low_Caution,7.3,Normal,6.01,Good,7.2,Normal,19.3,Normal
7,26,1,6,Thermal_Pollution,Low_Caution,7.21,Normal,5.72,Low,7.1,Normal,20.0,Normal
7,27,1,6,Thermal_Pollution,Low_Caution,7.3,Normal,5.68,Low,7.1,Normal,20.1,Normal
7,28,2,6,Thermal_Pollution,Medium_Serious,7.17,Normal,4.58,Low,11.1,Normal,25.5,TooWarm
7,29,2,6,Thermal_Pollution,Medium_Serious,7.07,Normal,3.76,HYPOXIC,11.4,Normal,24.2,Normal
7,30,2,6,Thermal_Pollution,Medium_Serious,7.17,Normal,3.96,HYPOXIC,11.1,Normal,26.4,TooWarm
7,31,2,6,Thermal_Pollution,Medium_Serious,7.35,Normal,4.08,Low,11.3,Normal,26.5,TooWarm
7,32,1,6,Thermal_Pollution,Low_Caution,7.35,Normal,6.34,Good,8.0,Normal,19.7,Normal
7,33,1,6,Thermal_Pollution,Low_Caution,7.31,Normal,6.57,Good,7.3,Normal,18.8,Normal
7,34,1,6,Thermal_Pollution,Low_Caution,7.35,Normal,6.27,Good,7.8,Normal,20.5,Normal
7,35,1,6,Thermal_Pollution,Low_Caution,7.23,Normal,5.87,Low,8.1,Normal,19.1,Normal
7,36,0,0,Clean,Clean,7.48,Normal,8.65,Good,4.0,Normal,13.4,Normal
8,1,0,0,Clean,Clean,7.28,Normal,8.31,Good,4.9,Normal,14.4,Normal
8,2,0,0,Clean,Clean,7.26,Normal,8.6,Good,4.6,Normal,13.5,Normal
8,3,1,4,Sewage_Pathogens,Low_Caution,6.52,Normal,5.7,Low,28.6,Elevated,15.8,Normal
8,4,1,4,Sewage_Pathogens,Low_Caution,6.67,Normal,5.47,Low,25.3,Elevated,16.1,Normal
8,5,2,4,Sewage_Pathogens,Medium_Serious,5.69,ACIDIC,2.93,HYPOXIC,47.9,Elevated,17.2,Normal
8,6,2,4,Sewage_Pathogens,Medium_Serious,5.91,ACIDIC,2.82,HYPOXIC,48.7,Elevated,17.5,Normal
8,7,3,4,Sewage_Pathogens,High_Critical,5.13,ACIDIC,0.2,HYPOXIC,60.4,Elevated,19.0,Normal
8,8,2,4,Sewage_Pathogens,Medium_Serious,5.76,ACIDIC,2.85,HYPOXIC,46.4,Elevated,18.3,Normal
8,9,2,4,Sewage_Pathogens,Medium_Serious,5.89,ACIDIC,2.79,HYPOXIC,41.9,Elevated,18.5,Normal
8,10,2,4,Sewage_Pathogens,Medium_Serious,5.72,ACIDIC,2.36,HYPOXIC,41.7,Elevated,18.4,Normal
8,11,2,4,Sewage_Pathogens,Medium_Serious,5.87,ACIDIC,2.47,HYPOXIC,47.4,Elevated,17.9,Normal
8,12,1,4,Sewage_Pathogens,Low_Caution,6.51,Normal,5.56,Low,30.0,Elevated,15.9,Normal
8,13,1,4,Sewage_Pathogens,Low_Caution,6.55,Normal,5.4,Low,23.0,Normal,16.7,Normal
8,14,0,0,Clean,Clean,7.55,Normal,8.49,Good,4.4,Normal,14.2,Normal
8,15,0,0,Clean,Clean,7.31,Normal,8.67,Good,4.8,Normal,14.6,Normal
8,16,1,5,Oil_Spill,Low_Caution,7.16,Normal,6.71,Good,11.1,Normal,13.8,Normal
8,17,1,5,Oil_Spill,Low_Caution,7.2,Normal,6.54,Good,12.3,Normal,14.2,Normal
8,18,2,5,Oil_Spill,Medium_Serious,7.12,Normal,4.85,Low,16.8,Normal,14.7,Normal
8,19,2,5,Oil_Spill,Medium_Serious,6.89,Normal,4.8,Low,17.8,Normal,14.8,Normal
8,20,2,5,Oil_Spill,Medium_Serious,6.9,Normal,4.83,Low,17.1,Normal,15.3,Normal
8,21,2,5,Oil_Spill,Medium_Serious,7.05,Normal,4.97,Low,17.4,Normal,15.2,Normal
8,22,2,5,Oil_Spill,Medium_Serious,7.04,Normal,4.9,Low,16.4,Normal,15.2,Normal
8,23,1,5,Oil_Spill,Low_Caution,7.27,Normal,6.7,Good,12.0,Normal,14.4,Normal
8,24,1,5,Oil_Spill,Low_Caution,7.07,Normal,6.51,Good,11.9,Normal,15.2,Normal
8,25,0,0,Clean,Clean,7.48,Normal,8.46,Good,5.3,Normal,13.5,Normal
8,26,1,6,Thermal_Pollution,Low_Caution,7.36,Normal,5.69,Low,7.8,Normal,19.9,Normal
8,27,1,6,Thermal_Pollution,Low_Caution,7.33,Normal,5.94,Low,7.7,Normal,18.5,Normal
8,28,1,6,Thermal_Pollution,Low_Caution,7.31,Normal,5.6,Low,8.5,Normal,19.2,Normal
8,29,1,6,Thermal_Pollution,Low_Caution,7.39,Normal,6.52,Good,7.2,Normal,18.9,Normal
8,30,1,6,Thermal_Pollution,Low_Caution,7.31,Normal,6.25,Good,7.4,Normal,19.7,Normal
8,31,1,6,Thermal_Pollution,Low_Caution,7.32,Normal,5.85,Low,7.3,Normal,20.5,Normal
8,32,1,6,Thermal_Pollution,Low_Caution,7.41,Normal,6.05,Good,7.1,Normal,19.3,Normal
8,33,1,6,Thermal_Pollution,Low_Caution,7.15,Normal,5.58,Low,7.7,Normal,19.9,Normal
8,34,1,7,Mining_Acid_Drainage,Low_Caution,5.0,ACIDIC,6.84,Good,24.1,Normal,12.6,Normal
8,35,1,7,Mining_Acid_Drainage,Low_Caution,4.65,ACIDIC,6.99,Good,23.6,Normal,12.6,Normal
8,36,1,7,Mining_Acid_Drainage,Low_Caution,4.54,ACIDIC,6.81,Good,23.3,Normal,13.1,Normal
9,1,0,0,Clean,Clean,7.48,Normal,8.59,Good,4.6,Normal,13.2,Normal
9,2,0,0,Clean,Clean,7.3,Normal,8.4,Good,5.3,Normal,13.8,Normal
9,3,1,4,Sewage_Pathogens,Low_Caution,6.72,Normal,5.14,Low,28.9,Elevated,15.1,Normal
9,4,1,4,Sewage_Pathogens,Low_Caution,6.6,Normal,5.47,Low,24.8,Normal,15.7,Normal
9,5,2,4,Sewage_Pathogens,Medium_Serious,5.88,ACIDIC,3.07,HYPOXIC,42.8,Elevated,18.1,Normal
9,6,2,4,Sewage_Pathogens,Medium_Serious,5.95,ACIDIC,2.68,HYPOXIC,46.0,Elevated,18.5,Normal
9,7,3,4,Sewage_Pathogens,High_Critical,5.05,ACIDIC,0.2,HYPOXIC,59.6,Elevated,20.0,Normal
9,8,3,4,Sewage_Pathogens,High_Critical,4.9,ACIDIC,0.2,HYPOXIC,59.8,Elevated,19.9,Normal
9,9,3,4,Sewage_Pathogens,High_Critical,4.85,ACIDIC,0.2,HYPOXIC,60.0,Elevated,18.9,Normal
9,10,2,4,Sewage_Pathogens,Medium_Serious,5.78,ACIDIC,2.74,HYPOXIC,41.4,Elevated,16.7,Normal
9,11,2,4,Sewage_Pathogens,Medium_Serious,5.83,ACIDIC,2.64,HYPOXIC,41.3,Elevated,17.2,Normal
9,12,1,2,Industrial_Discharge,Low_Caution,6.27,ACIDIC,6.08,Good,31.9,Elevated,15.3,Normal
9,13,1,2,Industrial_Discharge,Low_Caution,6.01,ACIDIC,5.81,Low,29.9,Elevated,15.1,Normal
9,14,1,2,Industrial_Discharge,Low_Caution,6.07,ACIDIC,6.09,Good,33.0,Elevated,15.4,Normal
9,15,1,2,Industrial_Discharge,Low_Caution,6.24,ACIDIC,5.9,Low,38.1,Elevated,15.8,Normal
9,16,1,2,Industrial_Discharge,Low_Caution,6.02,ACIDIC,6.29,Good,32.3,Elevated,14.8,Normal
9,17,0,0,Clean,Clean,7.54,Normal,8.69,Good,4.4,Normal,14.4,Normal
9,18,1,5,Oil_Spill,Low_Caution,7.2,Normal,6.73,Good,11.2,Normal,14.1,Normal
9,19,1,5,Oil_Spill,Low_Caution,7.17,Normal,6.55,Good,11.4,Normal,14.5,Normal
9,20,1,5,Oil_Spill,Low_Caution,7.25,Normal,6.72,Good,12.1,Normal,14.2,Normal
9,21,1,5,Oil_Spill,Low_Caution,7.18,Normal,6.62,Good,11.8,Normal,14.9,Normal
9,22,1,5,Oil_Spill,Low_Caution,7.17,Normal,6.7,Good,11.6,Normal,13.8,Normal
9,23,0,0,Clean,Clean,7.46,Normal,8.62,Good,4.1,Normal,15.0,Normal
9,24,0,0,Clean,Clean,7.39,Normal,8.46,Good,4.8,Normal,14.8,Normal
9,25,0,0,Clean,Clean,7.46,Normal,8.52,Good,5.2,Normal,13.7,Normal
9,26,0,0,Clean,Clean,7.52,Normal,8.51,Good,5.0,Normal,13.2,Normal
9,27,0,0,Clean,Clean,7.48,Normal,8.56,Good,4.5,Normal,14.3,Normal
9,28,0,0,Clean,Clean,7.26,Normal,8.69,Good,5.0,Normal,13.8,Normal
9,29,0,0,Clean,Clean,7.48,Normal,8.69,Good,4.6,Normal,13.0,Normal
9,30,0,0,Clean,Clean,7.33,Normal,8.5,Good,4.8,Normal,14.2,Normal
9,31,0,0,Clean,Clean,7.42,Normal,8.48,Good,4.6,Normal,14.5,Normal
9,32,1,7,Mining_Acid_Drainage,Low_Caution,4.97,ACIDIC,7.0,Good,21.6,Normal,12.5,Normal
9,33,1,7,Mining_Acid_Drainage,Low_Caution,4.98,ACIDIC,6.85,Good,22.7,Normal,12.8,Normal
9,34,1,7,Mining_Acid_Drainage,Low_Caution,4.56,ACIDIC,6.99,Good,21.3,Normal,13.4,Normal
9,35,2,7,Mining_Acid_Drainage,Medium_Serious,3.0,ACIDIC,5.62,Low,37.6,Elevated,13.7,Normal
9,36,2,7,Mining_Acid_Drainage,Medium_Serious,3.0,ACIDIC,5.69,Low,37.2,Elevated,12.3,Normal
10,1,0,0,Clean,Clean,7.54,Normal,8.39,Good,4.6,Normal,13.4,Normal
10,2,0,0,Clean,Clean,7.44,Normal,8.47,Good,4.0,Normal,14.2,Normal
10,3,1,4,Sewage_Pathogens,Low_Caution,6.51,Normal,5.63,Low,28.6,Elevated,16.2,Normal
10,4,1,4,Sewage_Pathogens,Low_Caution,6.69,Normal,5.43,Low,24.8,Normal,16.5,Normal
10,5,2,4,Sewage_Pathogens,Medium_Serious,5.79,ACIDIC,2.49,HYPOXIC,46.1,Elevated,17.7,Normal
10,6,2,4,Sewage_Pathogens,Medium_Serious,5.83,ACIDIC,2.63,HYPOXIC,47.0,Elevated,18.3,Normal
10,7,2,4,Sewage_Pathogens,Medium_Serious,5.86,ACIDIC,2.75,HYPOXIC,41.9,Elevated,16.8,Normal
10,8,3,4,Sewage_Pathogens,High_Critical,4.94,ACIDIC,0.2,HYPOXIC,60.1,Elevated,19.4,Normal
10,9,2,4,Sewage_Pathogens,Medium_Serious,5.77,ACIDIC,2.45,HYPOXIC,49.0,Elevated,18.0,Normal
10,10,2,4,Sewage_Pathogens,Medium_Serious,5.82,ACIDIC,2.67,HYPOXIC,40.6,Elevated,17.2,Normal
10,11,2,4,Sewage_Pathogens,Medium_Serious,5.76,ACIDIC,2.22,HYPOXIC,44.2,Elevated,18.2,Normal
10,12,1,2,Industrial_Discharge,Low_Caution,6.05,ACIDIC,6.29,Good,29.9,Elevated,15.9,Normal
10,13,1,2,Industrial_Discharge,Low_Caution,6.23,ACIDIC,5.76,Low,36.8,Elevated,15.3,Normal
10,14,2,2,Industrial_Discharge,Medium_Serious,4.85,ACIDIC,3.3,HYPOXIC,57.8,Elevated,15.6,Normal
10,15,2,2,Industrial_Discharge,Medium_Serious,4.8,ACIDIC,3.81,HYPOXIC,63.4,Elevated,16.5,Normal
10,16,1,2,Industrial_Discharge,Low_Caution,6.17,ACIDIC,5.4,Low,34.9,Elevated,15.1,Normal
10,17,1,2,Industrial_Discharge,Low_Caution,6.17,ACIDIC,6.06,Good,36.5,Elevated,15.8,Normal
10,18,1,2,Industrial_Discharge,Low_Caution,6.18,ACIDIC,6.11,Good,32.7,Elevated,14.6,Normal
10,19,0,0,Clean,Clean,7.33,Normal,8.52,Good,4.5,Normal,14.4,Normal
10,20,0,0,Clean,Clean,7.34,Normal,8.41,Good,5.3,Normal,15.0,Normal
10,21,0,0,Clean,Clean,7.45,Normal,8.34,Good,5.4,Normal,14.6,Normal
10,22,0,0,Clean,Clean,7.53,Normal,8.7,Good,5.3,Normal,13.3,Normal
10,23,0,0,Clean,Clean,7.51,Normal,8.4,Good,5.1,Normal,14.7,Normal
10,24,0,0,Clean,Clean,7.48,Normal,8.57,Good,4.7,Normal,14.2,Normal
10,25,0,0,Clean,Clean,7.33,Normal,8.47,Good,4.7,Normal,14.3,Normal
10,26,0,0,Clean,Clean,7.51,Normal,8.34,Good,4.8,Normal,13.6,Normal
10,27,0,0,Clean,Clean,7.53,Normal,8.45,Good,5.4,Normal,13.7,Normal
10,28,0,0,Clean,Clean,7.25,Normal,8.61,Good,5.1,Normal,14.5,Normal
10,29,0,0,Clean,Clean,7.39,Normal,8.57,Good,4.5,Normal,13.1,Normal
10,30,0,0,Clean,Clean,7.41,Normal,8.39,Good,4.6,Normal,13.4,Normal
10,31,1,7,Mining_Acid_Drainage,Low_Caution,4.65,ACIDIC,7.13,Good,21.9,Normal,13.7,Normal
10,32,1,7,Mining_Acid_Drainage,Low_Caution,4.56,ACIDIC,7.07,Good,21.4,Normal,12.7,Normal
10,33,2,7,Mining_Acid_Drainage,Medium_Serious,3.0,ACIDIC,5.64,Low,35.7,Elevated,12.0,Normal
10,34,2,7,Mining_Acid_Drainage,Medium_Serious,3.0,ACIDIC,5.35,Low,36.3,Elevated,12.3,Normal
10,35,2,7,Mining_Acid_Drainage,Medium_Serious,3.0,ACIDIC,5.4,Low,36.5,Elevated,13.8,Normal
10,36,2,7,Mining_Acid_Drainage,Medium_Serious,3.0,ACIDIC,5.58,Low,34.4,Elevated,13.3,Normal
11,1,0,0,Clean,Clean,7.39,Normal,8.35,Good,4.3,Normal,14.4,Normal
11,2,0,0,Clean,Clean,7.25,Normal,8.58,Good,5.2,Normal,15.0,Normal
11,3,0,0,Clean,Clean,7.38,Normal,8.35,Good,4.1,Normal,13.8,Normal
11,4,1,4,Sewage_Pathogens,Low_Caution,6.67,Normal,5.47,Low,28.7,Elevated,16.6,Normal
11,5,1,4,Sewage_Pathogens,Low_Caution,6.68,Normal,5.29,Low,23.6,Normal,15.1,Normal
11,6,1,4,Sewage_Pathogens,Low_Caution,6.65,Normal,5.6,Low,26.4,Elevated,16.1,Normal
11,7,1,4,Sewage_Pathogens,Low_Caution,6.66,Normal,5.47,Low,26.8,Elevated,15.0,Normal
11,8,1,4,Sewage_Pathogens,Low_Caution,6.57,Normal,5.75,Low,23.1,Normal,15.1,Normal
11,9,1,4,Sewage_Pathogens,Low_Caution,6.62,Normal,5.39,Low,29.7,Elevated,16.4,Normal
11,10,1,2,Industrial_Discharge,Low_Caution,6.02,ACIDIC,5.93,Low,30.3,Elevated,15.2,Normal
11,11,1,2,Industrial_Discharge,Low_Caution,6.17,ACIDIC,5.89,Low,35.0,Elevated,14.4,Normal
11,12,2,2,Industrial_Discharge,Medium_Serious,4.89,ACIDIC,3.73,HYPOXIC,59.1,Elevated,15.7,Normal
11,13,2,2,Industrial_Discharge,Medium_Serious,5.05,ACIDIC,4.14,Low,58.1,Elevated,16.9,Normal
11,14,2,2,Industrial_Discharge,Medium_Serious,4.67,ACIDIC,3.42,HYPOXIC,59.3,Elevated,16.4,Normal
11,15,2,2,Industrial_Discharge,Medium_Serious,4.98,ACIDIC,3.62,HYPOXIC,59.9,Elevated,16.6,Normal
11,16,2,2,Industrial_Discharge,Medium_Serious,4.72,ACIDIC,3.39,HYPOXIC,61.6,Elevated,16.2,Normal
11,17,1,2,Industrial_Discharge,Low_Caution,6.05,ACIDIC,6.29,Good,34.4,Elevated,15.9,Normal
11,18,1,2,Industrial_Discharge,Low_Caution,5.96,ACIDIC,6.22,Good,36.5,Elevated,15.7,Normal
11,19,0,0,Clean,Clean,7.46,Normal,8.37,Good,5.4,Normal,14.0,Normal
11,20,0,0,Clean,Clean,7.48,Normal,8.59,Good,4.3,Normal,13.3,Normal
11,21,0,0,Clean,Clean,7.48,Normal,8.41,Good,5.3,Normal,14.5,Normal
11,22,0,0,Clean,Clean,7.26,Normal,8.62,Good,4.4,Normal,13.1,Normal
11,23,0,0,Clean,Clean,7.46,Normal,8.53,Good,4.1,Normal,13.9,Normal
11,24,1,4,Sewage_Pathogens,Low_Caution,6.56,Normal,5.57,Low,23.7,Normal,15.5,Normal
11,25,1,4,Sewage_Pathogens,Low_Caution,6.62,Normal,5.77,Low,29.2,Elevated,15.8,Normal
11,26,1,4,Sewage_Pathogens,Low_Caution,6.52,Normal,5.22,Low,29.4,Elevated,15.1,Normal
11,27,1,4,Sewage_Pathogens,Low_Caution,6.62,Normal,5.7,Low,26.4,Elevated,15.6,Normal
11,28,0,0,Clean,Clean,7.47,Normal,8.41,Good,4.1,Normal,13.7,Normal
11,29,1,6,Thermal_Pollution,Low_Caution,7.3,Normal,5.68,Low,7.3,Normal,21.1,Normal
11,30,1,6,Thermal_Pollution,Low_Caution,7.17,Normal,6.16,Good,7.4,Normal,20.7,Normal
11,31,1,6,Thermal_Pollution,Low_Caution,7.15,Normal,5.76,Low,7.8,Normal,19.6,Normal
11,32,1,6,Thermal_Pollution,Low_Caution,7.33,Normal,5.6,Low,8.2,Normal,19.7,Normal
11,33,1,6,Thermal_Pollution,Low_Caution,7.22,Normal,5.96,Low,7.6,Normal,19.8,Normal
11,34,1,6,Thermal_Pollution,Low_Caution,7.41,Normal,5.83,Low,7.0,Normal,20.5,Normal
11,35,1,7,Mining_Acid_Drainage,Low_Caution,4.85,ACIDIC,7.01,Good,24.3,Normal,13.5,Normal
11,36,1,7,Mining_Acid_Drainage,Low_Caution,4.8,ACIDIC,6.84,Good,23.9,Normal,14.3,Normal
12,1,0,0,Clean,Clean,7.36,Normal,8.69,Good,4.1,Normal,13.2,Normal
12,2,0,0,Clean,Clean,7.29,Normal,8.63,Good,4.1,Normal,14.1,Normal
12,3,0,0,Clean,Clean,7.38,Normal,8.69,Good,4.4,Normal,13.5,Normal
12,4,0,0,Clean,Clean,7.34,Normal,8.62,Good,5.1,Normal,14.5,Normal
12,5,0,0,Clean,Clean,7.35,Normal,8.41,Good,4.1,Normal,13.4,Normal
12,6,0,0,Clean,Clean,7.48,Normal,8.53,Good,4.2,Normal,13.3,Normal
12,7,0,0,Clean,Clean,7.39,Normal,8.46,Good,4.8,Normal,14.9,Normal
12,8,1,3,Plastic_Waste,Low_Caution,7.21,Normal,7.92,Good,12.9,Normal,13.2,Normal
12,9,0,0,Clean,Clean,7.46,Normal,8.63,Good,5.0,Normal,13.1,Normal
12,10,1,3,Plastic_Waste,Low_Caution,7.4,Normal,7.93,Good,13.2,Normal,13.5,Normal
12,11,1,2,Industrial_Discharge,Low_Caution,6.19,ACIDIC,5.97,Low,33.9,Elevated,16.2,Normal
12,12,1,2,Industrial_Discharge,Low_Caution,6.23,ACIDIC,6.19,Good,38.0,Elevated,15.8,Normal
12,13,2,2,Industrial_Discharge,Medium_Serious,4.96,ACIDIC,3.31,HYPOXIC,61.1,Elevated,16.1,Normal
12,14,1,2,Industrial_Discharge,Low_Caution,5.86,ACIDIC,5.98,Low,30.3,Elevated,14.3,Normal
12,15,1,2,Industrial_Discharge,Low_Caution,6.18,ACIDIC,6.26,Good,35.2,Elevated,14.3,Normal
12,16,1,2,Industrial_Discharge,Low_Caution,6.24,ACIDIC,6.04,Good,30.9,Elevated,15.6,Normal
12,17,1,2,Industrial_Discharge,Low_Caution,6.06,ACIDIC,6.16,Good,33.2,Elevated,15.4,Normal
12,18,1,2,Industrial_Discharge,Low_Caution,6.16,ACIDIC,5.24,Low,34.7,Elevated,14.5,Normal
12,19,0,0,Clean,Clean,7.44,Normal,8.62,Good,5.2,Normal,15.0,Normal
12,20,0,0,Clean,Clean,7.48,Normal,8.44,Good,4.8,Normal,14.0,Normal
12,21,1,4,Sewage_Pathogens,Low_Caution,6.72,Normal,5.54,Low,24.3,Normal,15.2,Normal
12,22,1,4,Sewage_Pathogens,Low_Caution,6.72,Normal,5.55,Low,28.2,Elevated,16.8,Normal
12,23,1,4,Sewage_Pathogens,Low_Caution,6.75,Normal,5.76,Low,28.7,Elevated,16.1,Normal
12,24,2,4,Sewage_Pathogens,Medium_Serious,5.93,ACIDIC,2.3,HYPOXIC,47.9,Elevated,17.0,Normal
12,25,2,4,Sewage_Pathogens,Medium_Serious,5.76,ACIDIC,2.74,HYPOXIC,47.7,Elevated,17.0,Normal
12,26,2,4,Sewage_Pathogens,Medium_Serious,5.86,ACIDIC,2.59,HYPOXIC,44.6,Elevated,18.0,Normal
12,27,1,4,Sewage_Pathogens,Low_Caution,6.62,Normal,5.33,Low,26.0,Elevated,16.6,Normal
12,28,1,4,Sewage_Pathogens,Low_Caution,6.6,Normal,5.27,Low,22.4,Normal,15.2,Normal
12,29,1,6,Thermal_Pollution,Low_Caution,7.43,Normal,5.46,Low,7.2,Normal,20.8,Normal
12,30,1,6,Thermal_Pollution,Low_Caution,7.25,Normal,5.53,Low,7.9,Normal,21.2,Normal
12,31,2,6,Thermal_Pollution,Medium_Serious,7.31,Normal,4.29,Low,10.6,Normal,26.0,TooWarm
12,32,2,6,Thermal_Pollution,Medium_Serious,7.14,Normal,3.56,HYPOXIC,10.2,Normal,26.9,TooWarm
12,33,2,6,Thermal_Pollution,Medium_Serious,7.24,Normal,3.44,HYPOXIC,11.5,Normal,26.2,TooWarm
12,34,1,6,Thermal_Pollution,Low_Caution,7.22,Normal,5.85,Low,7.3,Normal,19.2,Normal
12,35,1,6,Thermal_Pollution,Low_Caution,7.37,Normal,5.69,Low,8.4,Normal,20.2,Normal
12,36,1,6,Thermal_Pollution,Low_Caution,7.16,Normal,6.32,Good,8.4,Normal,21.0,Normal
13,1,0,0,Clean,Clean,7.53,Normal,8.36,Good,5.1,Normal,13.5,Normal
13,2,0,0,Clean,Clean,7.54,Normal,8.37,Good,5.3,Normal,13.2,Normal
13,3,0,0,Clean,Clean,7.46,Normal,8.56,Good,5.3,Normal,13.9,Normal
13,4,0,0,Clean,Clean,7.33,Normal,8.4,Good,4.1,Normal,13.5,Normal
13,5,0,0,Clean,Clean,7.28,Normal,8.3,Good,4.6,Normal,14.5,Normal
13,6,0,0,Clean,Clean,7.54,Normal,8.65,Good,4.7,Normal,13.8,Normal
13,7,0,0,Clean,Clean,7.41,Normal,8.34,Good,4.7,Normal,14.7,Normal
13,8,1,3,Plastic_Waste,Low_Caution,7.35,Normal,8.07,Good,14.8,Normal,13.1,Normal
13,9,1,3,Plastic_Waste,Low_Caution,7.24,Normal,7.93,Good,13.9,Normal,13.1,Normal
13,10,1,3,Plastic_Waste,Low_Caution,7.26,Normal,8.09,Good,13.1,Normal,14.8,Normal
13,11,1,3,Plastic_Waste,Low_Caution,7.33,Normal,8.05,Good,15.6,Normal,13.1,Normal
13,12,1,2,Industrial_Discharge,Low_Caution,6.04,ACIDIC,6.27,Good,36.2,Elevated,14.4,Normal
13,13,1,2,Industrial_Discharge,Low_Caution,6.2,ACIDIC,6.34,Good,35.1,Elevated,14.8,Normal
13,14,1,2,Industrial_Discharge,Low_Caution,6.21,ACIDIC,5.5,Low,35.5,Elevated,15.1,Normal
13,15,1,2,Industrial_Discharge,Low_Caution,6.09,ACIDIC,5.27,Low,32.3,Elevated,14.8,Normal
13,16,1,2,Industrial_Discharge,Low_Caution,6.01,ACIDIC,6.11,Good,38.8,Elevated,14.4,Normal
13,17,0,0,Clean,Clean,7.36,Normal,8.48,Good,4.4,Normal,13.9,Normal
13,18,0,0,Clean,Clean,7.32,Normal,8.41,Good,4.1,Normal,14.5,Normal
13,19,0,0,Clean,Clean,7.45,Normal,8.33,Good,4.5,Normal,14.1,Normal
13,20,0,0,Clean,Clean,7.54,Normal,8.54,Good,4.8,Normal,14.7,Normal
13,21,1,4,Sewage_Pathogens,Low_Caution,6.7,Normal,5.43,Low,29.9,Elevated,16.5,Normal
13,22,1,4,Sewage_Pathogens,Low_Caution,6.59,Normal,5.28,Low,30.6,Elevated,16.2,Normal
13,23,2,4,Sewage_Pathogens,Medium_Serious,5.89,ACIDIC,2.59,HYPOXIC,42.3,Elevated,16.8,Normal
13,24,2,4,Sewage_Pathogens,Medium_Serious,5.95,ACIDIC,2.88,HYPOXIC,49.1,Elevated,16.9,Normal
13,25,2,4,Sewage_Pathogens,Medium_Serious,5.78,ACIDIC,2.97,HYPOXIC,48.2,Elevated,18.3,Normal
13,26,2,4,Sewage_Pathogens,Medium_Serious,5.92,ACIDIC,2.56,HYPOXIC,42.8,Elevated,17.4,Normal
13,27,2,4,Sewage_Pathogens,Medium_Serious,5.79,ACIDIC,2.79,HYPOXIC,44.5,Elevated,17.8,Normal
13,28,1,4,Sewage_Pathogens,Low_Caution,6.57,Normal,5.09,Low,30.3,Elevated,16.3,Normal
13,29,1,4,Sewage_Pathogens,Low_Caution,6.62,Normal,5.37,Low,25.7,Elevated,15.9,Normal
13,30,1,6,Thermal_Pollution,Low_Caution,7.26,Normal,6.22,Good,7.9,Normal,18.7,Normal
13,31,1,6,Thermal_Pollution,Low_Caution,7.33,Normal,6.25,Good,7.1,Normal,20.5,Normal
13,32,1,6,Thermal_Pollution,Low_Caution,7.37,Normal,5.85,Low,8.3,Normal,18.8,Normal
13,33,1,6,Thermal_Pollution,Low_Caution,7.23,Normal,5.63,Low,8.0,Normal,18.8,Normal
13,34,1,6,Thermal_Pollution,Low_Caution,7.44,Normal,6.06,Good,8.2,Normal,19.7,Normal
13,35,1,6,Thermal_Pollution,Low_Caution,7.21,Normal,5.63,Low,8.2,Normal,20.8,Normal
13,36,0,0,Clean,Clean,7.5,Normal,8.51,Good,4.2,Normal,13.6,Normal
14,1,0,0,Clean,Clean,7.4,Normal,8.35,Good,5.3,Normal,14.8,Normal
14,2,0,0,Clean,Clean,7.26,Normal,8.38,Good,5.2,Normal,14.7,Normal
14,3,0,0,Clean,Clean,7.32,Normal,8.48,Good,5.4,Normal,14.4,Normal
14,4,0,0,Clean,Clean,7.33,Normal,8.63,Good,4.8,Normal,14.3,Normal
14,5,0,0,Clean,Clean,7.29,Normal,8.31,Good,4.6,Normal,14.2,Normal
14,6,0,0,Clean,Clean,7.3,Normal,8.65,Good,4.9,Normal,13.7,Normal
14,7,0,0,Clean,Clean,7.3,Normal,8.66,Good,5.1,Normal,14.4,Normal
14,8,1,3,Plastic_Waste,Low_Caution,7.24,Normal,7.95,Good,15.1,Normal,14.1,Normal
14,9,0,0,Clean,Clean,7.51,Normal,8.56,Good,5.0,Normal,13.5,Normal
14,10,1,3,Plastic_Waste,Low_Caution,7.27,Normal,7.81,Good,13.2,Normal,14.5,Normal
14,11,1,3,Plastic_Waste,Low_Caution,7.42,Normal,8.06,Good,13.7,Normal,13.0,Normal
14,12,1,3,Plastic_Waste,Low_Caution,7.39,Normal,7.92,Good,14.7,Normal,14.3,Normal
14,13,0,0,Clean,Clean,7.36,Normal,8.44,Good,4.4,Normal,13.9,Normal
14,14,0,0,Clean,Clean,7.45,Normal,8.63,Good,4.6,Normal,13.2,Normal
14,15,0,0,Clean,Clean,7.4,Normal,8.56,Good,5.3,Normal,13.7,Normal
14,16,0,0,Clean,Clean,7.44,Normal,8.54,Good,4.4,Normal,13.2,Normal
14,17,0,0,Clean,Clean,7.27,Normal,8.7,Good,5.0,Normal,14.7,Normal
14,18,0,0,Clean,Clean,7.33,Normal,8.58,Good,5.3,Normal,13.6,Normal
14,19,0,0,Clean,Clean,7.29,Normal,8.61,Good,5.3,Normal,14.6,Normal
14,20,0,0,Clean,Clean,7.49,Normal,8.54,Good,5.0,Normal,14.4,Normal
14,21,1,4,Sewage_Pathogens,Low_Caution,6.67,Normal,5.55,Low,26.6,Elevated,15.3,Normal
14,22,1,4,Sewage_Pathogens,Low_Caution,6.46,ACIDIC,5.42,Low,24.6,Normal,15.2,Normal
14,23,1,4,Sewage_Pathogens,Low_Caution,6.61,Normal,5.56,Low,30.1,Elevated,16.1,Normal
14,24,2,4,Sewage_Pathogens,Medium_Serious,5.9,ACIDIC,2.99,HYPOXIC,42.3,Elevated,16.8,Normal
14,25,2,4,Sewage_Pathogens,Medium_Serious,5.89,ACIDIC,2.84,HYPOXIC,41.0,Elevated,18.0,Normal
14,26,1,4,Sewage_Pathogens,Low_Caution,6.56,Normal,5.63,Low,24.5,Normal,16.4,Normal
14,27,1,4,Sewage_Pathogens,Low_Caution,6.54,Normal,5.55,Low,30.3,Elevated,16.5,Normal
14,28,1,4,Sewage_Pathogens,Low_Caution,6.47,ACIDIC,5.66,Low,25.1,Elevated,16.5,Normal
14,29,0,0,Clean,Clean,7.27,Normal,8.64,Good,4.2,Normal,13.4,Normal
14,30,0,0,Clean,Clean,7.37,Normal,8.53,Good,5.4,Normal,13.9,Normal
14,31,0,0,Clean,Clean,7.34,Normal,8.59,Good,5.2,Normal,14.0,Normal
14,32,1,6,Thermal_Pollution,Low_Caution,7.34,Normal,6.1,Good,8.0,Normal,19.3,Normal
14,33,1,6,Thermal_Pollution,Low_Caution,7.2,Normal,6.52,Good,7.7,Normal,20.6,Normal
14,34,0,0,Clean,Clean,7.44,Normal,8.46,Good,5.4,Normal,13.8,Normal
14,35,0,0,Clean,Clean,7.26,Normal,8.38,Good,4.6,Normal,13.0,Normal
14,36,0,0,Clean,Clean,7.35,Normal,8.63,Good,4.3,Normal,14.4,Normal
